Timestamp, Email
2025-08-08T13:23:44.222Z, manager123@gmail.com
2025-08-08T13:23:59.222Z, varshneyanurag125@gmail.com
2025-08-08T13:36:56.496Z, manager123@gmail.com
2025-08-08T13:37:47.815Z, varshneyanurag125@gmail.com
2025-08-08T13:39:19.783Z, manager123@gmail.com
2025-08-08T13:40:02.582Z, manager123@gmail.com
2025-08-08T13:40:56.604Z, varshneyanurag125@gmail.com
2025-08-08T13:42:18.168Z, manager123@gmail.com
2025-08-08T13:43:02.631Z, manager123@gmail.com
2025-08-08T13:43:56.753Z, varshneyanurag125@gmail.com
2025-08-08T13:44:28.106Z, manager123@gmail.com
2025-08-08T13:45:50.738Z, varshneyanurag125@gmail.com
2025-08-08T13:46:52.480Z, varshneyanurag125@gmail.com
2025-08-09T03:58:04.314Z, varshneyanurag125@gmail.com
